name,rank,gender,year
Liam,1,boy,2018
Emma,1,girl,2018
Noah,2,boy,2018
Olivia,2,girl,2018
William,3,boy,2018
Ava,3,girl,2018
James,4,boy,2018
Isabella,4,girl,2018
Oliver,5,boy,2018
Sophia,5,girl,2018
Benjamin,6,boy,2018
Charlotte,6,girl,2018
Elijah,7,boy,2018
Mia,7,girl,2018
Lucas,8,boy,2018
Amelia,8,girl,2018
Mason,9,boy,2018
Harper,9,girl,2018
Logan,10,boy,2018
Evelyn,10,girl,2018
Alexander,11,boy,2018
Abigail,11,girl,2018
Ethan,12,boy,2018
Emily,12,girl,2018
Jacob,13,boy,2018
Elizabeth,13,girl,2018
Michael,14,boy,2018
Mila,14,girl,2018
Daniel,15,boy,2018
Ella,15,girl,2018
Henry,16,boy,2018
Avery,16,girl,2018
Jackson,17,boy,2018
Sofia,17,girl,2018
Sebastian,18,boy,2018
Camila,18,girl,2018
Aiden,19,boy,2018
Aria,19,girl,2018
Matthew,20,boy,2018
Scarlett,20,girl,2018
Samuel,21,boy,2018
Victoria,21,girl,2018
David,22,boy,2018
Madison,22,girl,2018
Joseph,23,boy,2018
Luna,23,girl,2018
Carter,24,boy,2018
Grace,24,girl,2018
Owen,25,boy,2018
Chloe,25,girl,2018
Wyatt,26,boy,2018
Penelope,26,girl,2018
John,27,boy,2018
Layla,27,girl,2018
Jack,28,boy,2018
Riley,28,girl,2018
Luke,29,boy,2018
Zoey,29,girl,2018
Jayden,30,boy,2018
Nora,30,girl,2018
Dylan,31,boy,2018
Lily,31,girl,2018
Grayson,32,boy,2018
Eleanor,32,girl,2018
Levi,33,boy,2018
Hannah,33,girl,2018
Isaac,34,boy,2018
Lillian,34,girl,2018
Gabriel,35,boy,2018
Addison,35,girl,2018
Julian,36,boy,2018
Aubrey,36,girl,2018
Mateo,37,boy,2018
Ellie,37,girl,2018
Anthony,38,boy,2018
Stella,38,girl,2018
Jaxon,39,boy,2018
Natalie,39,girl,2018
Lincoln,40,boy,2018
Zoe,40,girl,2018
Joshua,41,boy,2018
Leah,41,girl,2018
Christopher,42,boy,2018
Hazel,42,girl,2018
Andrew,43,boy,2018
Violet,43,girl,2018
Theodore,44,boy,2018
Aurora,44,girl,2018
Caleb,45,boy,2018
Savannah,45,girl,2018
Ryan,46,boy,2018
Audrey,46,girl,2018
Asher,47,boy,2018
Brooklyn,47,girl,2018
Nathan,48,boy,2018
Bella,48,girl,2018
Thomas,49,boy,2018
Claire,49,girl,2018
Leo,50,boy,2018
Skylar,50,girl,2018
Isaiah,51,boy,2018
Lucy,51,girl,2018
Charles,52,boy,2018
Paisley,52,girl,2018
Josiah,53,boy,2018
Everly,53,girl,2018
Hudson,54,boy,2018
Anna,54,girl,2018
Christian,55,boy,2018
Caroline,55,girl,2018
Hunter,56,boy,2018
Nova,56,girl,2018
Connor,57,boy,2018
Genesis,57,girl,2018
Eli,58,boy,2018
Emilia,58,girl,2018
Ezra,59,boy,2018
Kennedy,59,girl,2018
Aaron,60,boy,2018
Samantha,60,girl,2018
Landon,61,boy,2018
Maya,61,girl,2018
Adrian,62,boy,2018
Willow,62,girl,2018
Jonathan,63,boy,2018
Kinsley,63,girl,2018
Nolan,64,boy,2018
Naomi,64,girl,2018
Jeremiah,65,boy,2018
Aaliyah,65,girl,2018
Easton,66,boy,2018
Elena,66,girl,2018
Elias,67,boy,2018
Sarah,67,girl,2018
Colton,68,boy,2018
Ariana,68,girl,2018
Cameron,69,boy,2018
Allison,69,girl,2018
Carson,70,boy,2018
Gabriella,70,girl,2018
Robert,71,boy,2018
Alice,71,girl,2018
Angel,72,boy,2018
Madelyn,72,girl,2018
Maverick,73,boy,2018
Cora,73,girl,2018
Nicholas,74,boy,2018
Ruby,74,girl,2018
Dominic,75,boy,2018
Eva,75,girl,2018
Jaxson,76,boy,2018
Serenity,76,girl,2018
Greyson,77,boy,2018
Autumn,77,girl,2018
Adam,78,boy,2018
Adeline,78,girl,2018
Ian,79,boy,2018
Hailey,79,girl,2018
Austin,80,boy,2018
Gianna,80,girl,2018
Santiago,81,boy,2018
Valentina,81,girl,2018
Jordan,82,boy,2018
Isla,82,girl,2018
Cooper,83,boy,2018
Eliana,83,girl,2018
Brayden,84,boy,2018
Quinn,84,girl,2018
Roman,85,boy,2018
Nevaeh,85,girl,2018
Evan,86,boy,2018
Ivy,86,girl,2018
Ezekiel,87,boy,2018
Sadie,87,girl,2018
Xavier,88,boy,2018
Piper,88,girl,2018
Jose,89,boy,2018
Lydia,89,girl,2018
Jace,90,boy,2018
Alexa,90,girl,2018
Jameson,91,boy,2018
Josephine,91,girl,2018
Leonardo,92,boy,2018
Emery,92,girl,2018
Bryson,93,boy,2018
Julia,93,girl,2018
Axel,94,boy,2018
Delilah,94,girl,2018
Everett,95,boy,2018
Arianna,95,girl,2018
Parker,96,boy,2018
Vivian,96,girl,2018
Kayden,97,boy,2018
Kaylee,97,girl,2018
Miles,98,boy,2018
Sophie,98,girl,2018
Sawyer,99,boy,2018
Brielle,99,girl,2018
Jason,100,boy,2018
Madeline,100,girl,2018
Declan,101,boy,2018
Peyton,101,girl,2018
Weston,102,boy,2018
Rylee,102,girl,2018
Micah,103,boy,2018
Clara,103,girl,2018
Ayden,104,boy,2018
Hadley,104,girl,2018
Wesley,105,boy,2018
Melanie,105,girl,2018
Luca,106,boy,2018
Mackenzie,106,girl,2018
Vincent,107,boy,2018
Reagan,107,girl,2018
Damian,108,boy,2018
Adalynn,108,girl,2018
Zachary,109,boy,2018
Liliana,109,girl,2018
Silas,110,boy,2018
Aubree,110,girl,2018
Gavin,111,boy,2018
Jade,111,girl,2018
Chase,112,boy,2018
Katherine,112,girl,2018
Kai,113,boy,2018
Isabelle,113,girl,2018
Emmett,114,boy,2018
Natalia,114,girl,2018
Harrison,115,boy,2018
Raelynn,115,girl,2018
Nathaniel,116,boy,2018
Maria,116,girl,2018
Kingston,117,boy,2018
Athena,117,girl,2018
Cole,118,boy,2018
Ximena,118,girl,2018
Tyler,119,boy,2018
Arya,119,girl,2018
Bennett,120,boy,2018
Leilani,120,girl,2018
Bentley,121,boy,2018
Taylor,121,girl,2018
Ryker,122,boy,2018
Faith,122,girl,2018
Tristan,123,boy,2018
Rose,123,girl,2018
Brandon,124,boy,2018
Kylie,124,girl,2018
Kevin,125,boy,2018
Alexandra,125,girl,2018
Luis,126,boy,2018
Mary,126,girl,2018
George,127,boy,2018
Margaret,127,girl,2018
Ashton,128,boy,2018
Lyla,128,girl,2018
Rowan,129,boy,2018
Ashley,129,girl,2018
Braxton,130,boy,2018
Amaya,130,girl,2018
Ryder,131,boy,2018
Eliza,131,girl,2018
Gael,132,boy,2018
Brianna,132,girl,2018
Ivan,133,boy,2018
Bailey,133,girl,2018
Diego,134,boy,2018
Andrea,134,girl,2018
Maxwell,135,boy,2018
Khloe,135,girl,2018
Max,136,boy,2018
Jasmine,136,girl,2018
Carlos,137,boy,2018
Melody,137,girl,2018
Kaiden,138,boy,2018
Iris,138,girl,2018
Juan,139,boy,2018
Isabel,139,girl,2018
Maddox,140,boy,2018
Norah,140,girl,2018
Justin,141,boy,2018
Annabelle,141,girl,2018
Waylon,142,boy,2018
Valeria,142,girl,2018
Calvin,143,boy,2018
Emerson,143,girl,2018
Giovanni,144,boy,2018
Adalyn,144,girl,2018
Jonah,145,boy,2018
Ryleigh,145,girl,2018
Abel,146,boy,2018
Eden,146,girl,2018
Jayce,147,boy,2018
Emersyn,147,girl,2018
Jesus,148,boy,2018
Anastasia,148,girl,2018
Amir,149,boy,2018
Kayla,149,girl,2018
King,150,boy,2018
Alyssa,150,girl,2018
Beau,151,boy,2018
Juliana,151,girl,2018
Camden,152,boy,2018
Charlie,152,girl,2018
Alex,153,boy,2018
Esther,153,girl,2018
Jasper,154,boy,2018
Ariel,154,girl,2018
Malachi,155,boy,2018
Cecilia,155,girl,2018
Brody,156,boy,2018
Valerie,156,girl,2018
Jude,157,boy,2018
Alina,157,girl,2018
Blake,158,boy,2018
Molly,158,girl,2018
Emmanuel,159,boy,2018
Reese,159,girl,2018
Eric,160,boy,2018
Aliyah,160,girl,2018
Brooks,161,boy,2018
Lilly,161,girl,2018
Elliot,162,boy,2018
Parker,162,girl,2018
Antonio,163,boy,2018
Finley,163,girl,2018
Abraham,164,boy,2018
Morgan,164,girl,2018
Timothy,165,boy,2018
Sydney,165,girl,2018
Finn,166,boy,2018
Jordyn,166,girl,2018
Rhett,167,boy,2018
Eloise,167,girl,2018
Elliott,168,boy,2018
Trinity,168,girl,2018
Edward,169,boy,2018
Daisy,169,girl,2018
August,170,boy,2018
Kimberly,170,girl,2018
Xander,171,boy,2018
Lauren,171,girl,2018
Alan,172,boy,2018
Genevieve,172,girl,2018
Dean,173,boy,2018
Sara,173,girl,2018
Lorenzo,174,boy,2018
Arabella,174,girl,2018
Bryce,175,boy,2018
Harmony,175,girl,2018
Karter,176,boy,2018
Elise,176,girl,2018
Victor,177,boy,2018
Remi,177,girl,2018
Milo,178,boy,2018
Teagan,178,girl,2018
Miguel,179,boy,2018
Alexis,179,girl,2018
Hayden,180,boy,2018
London,180,girl,2018
Graham,181,boy,2018
Sloane,181,girl,2018
Grant,182,boy,2018
Laila,182,girl,2018
Zion,183,boy,2018
Lucia,183,girl,2018
Tucker,184,boy,2018
Diana,184,girl,2018
Jesse,185,boy,2018
Juliette,185,girl,2018
Zayden,186,boy,2018
Sienna,186,girl,2018
Joel,187,boy,2018
Elliana,187,girl,2018
Richard,188,boy,2018
Londyn,188,girl,2018
Patrick,189,boy,2018
Ayla,189,girl,2018
Emiliano,190,boy,2018
Callie,190,girl,2018
Avery,191,boy,2018
Gracie,191,girl,2018
Nicolas,192,boy,2018
Josie,192,girl,2018
Brantley,193,boy,2018
Amara,193,girl,2018
Dawson,194,boy,2018
Jocelyn,194,girl,2018
Myles,195,boy,2018
Daniela,195,girl,2018
Matteo,196,boy,2018
Everleigh,196,girl,2018
River,197,boy,2018
Mya,197,girl,2018
Steven,198,boy,2018
Rachel,198,girl,2018
Thiago,199,boy,2018
Summer,199,girl,2018
Zane,200,boy,2018
Alana,200,girl,2018
Matias,201,boy,2018
Brooke,201,girl,2018
Judah,202,boy,2018
Alaina,202,girl,2018
Messiah,203,boy,2018
Mckenzie,203,girl,2018
Jeremy,204,boy,2018
Catherine,204,girl,2018
Preston,205,boy,2018
Amy,205,girl,2018
Oscar,206,boy,2018
Presley,206,girl,2018
Kaleb,207,boy,2018
Journee,207,girl,2018
Alejandro,208,boy,2018
Rosalie,208,girl,2018
Marcus,209,boy,2018
Ember,209,girl,2018
Mark,210,boy,2018
Brynlee,210,girl,2018
Peter,211,boy,2018
Rowan,211,girl,2018
Maximus,212,boy,2018
Joanna,212,girl,2018
Barrett,213,boy,2018
Paige,213,girl,2018
Jax,214,boy,2018
Rebecca,214,girl,2018
Andres,215,boy,2018
Ana,215,girl,2018
Holden,216,boy,2018
Sawyer,216,girl,2018
Legend,217,boy,2018
Mariah,217,girl,2018
Charlie,218,boy,2018
Nicole,218,girl,2018
Knox,219,boy,2018
Brooklynn,219,girl,2018
Kaden,220,boy,2018
Payton,220,girl,2018
Paxton,221,boy,2018
Marley,221,girl,2018
Kyrie,222,boy,2018
Fiona,222,girl,2018
Kyle,223,boy,2018
Georgia,223,girl,2018
Griffin,224,boy,2018
Lila,224,girl,2018
Josue,225,boy,2018
Harley,225,girl,2018
Kenneth,226,boy,2018
Adelyn,226,girl,2018
Beckett,227,boy,2018
Alivia,227,girl,2018
Enzo,228,boy,2018
Noelle,228,girl,2018
Adriel,229,boy,2018
Gemma,229,girl,2018
Arthur,230,boy,2018
Vanessa,230,girl,2018
Felix,231,boy,2018
Journey,231,girl,2018
Bryan,232,boy,2018
Makayla,232,girl,2018
Lukas,233,boy,2018
Angelina,233,girl,2018
Paul,234,boy,2018
Adaline,234,girl,2018
Brian,235,boy,2018
Catalina,235,girl,2018
Colt,236,boy,2018
Alayna,236,girl,2018
Caden,237,boy,2018
Julianna,237,girl,2018
Leon,238,boy,2018
Leila,238,girl,2018
Archer,239,boy,2018
Lola,239,girl,2018
Omar,240,boy,2018
Adriana,240,girl,2018
Israel,241,boy,2018
June,241,girl,2018
Aidan,242,boy,2018
Juliet,242,girl,2018
Theo,243,boy,2018
Jayla,243,girl,2018
Javier,244,boy,2018
River,244,girl,2018
Remington,245,boy,2018
Tessa,245,girl,2018
Jaden,246,boy,2018
Lia,246,girl,2018
Bradley,247,boy,2018
Dakota,247,girl,2018
Emilio,248,boy,2018
Delaney,248,girl,2018
Colin,249,boy,2018
Selena,249,girl,2018
Riley,250,boy,2018
Blakely,250,girl,2018
Cayden,251,boy,2018
Ada,251,girl,2018
Phoenix,252,boy,2018
Camille,252,girl,2018
Clayton,253,boy,2018
Zara,253,girl,2018
Simon,254,boy,2018
Malia,254,girl,2018
Ace,255,boy,2018
Hope,255,girl,2018
Nash,256,boy,2018
Samara,256,girl,2018
Derek,257,boy,2018
Vera,257,girl,2018
Rafael,258,boy,2018
Mckenna,258,girl,2018
Zander,259,boy,2018
Briella,259,girl,2018
Brady,260,boy,2018
Izabella,260,girl,2018
Jorge,261,boy,2018
Hayden,261,girl,2018
Jake,262,boy,2018
Raegan,262,girl,2018
Louis,263,boy,2018
Michelle,263,girl,2018
Damien,264,boy,2018
Angela,264,girl,2018
Karson,265,boy,2018
Ruth,265,girl,2018
Walker,266,boy,2018
Freya,266,girl,2018
Maximiliano,267,boy,2018
Kamila,267,girl,2018
Amari,268,boy,2018
Vivienne,268,girl,2018
Sean,269,boy,2018
Aspen,269,girl,2018
Chance,270,boy,2018
Olive,270,girl,2018
Walter,271,boy,2018
Kendall,271,girl,2018
Martin,272,boy,2018
Elaina,272,girl,2018
Finley,273,boy,2018
Thea,273,girl,2018
Andre,274,boy,2018
Kali,274,girl,2018
Tobias,275,boy,2018
Destiny,275,girl,2018
Cash,276,boy,2018
Amiyah,276,girl,2018
Corbin,277,boy,2018
Evangeline,277,girl,2018
Arlo,278,boy,2018
Cali,278,girl,2018
Iker,279,boy,2018
Blake,279,girl,2018
Erick,280,boy,2018
Elsie,280,girl,2018
Emerson,281,boy,2018
Juniper,281,girl,2018
Gunner,282,boy,2018
Alexandria,282,girl,2018
Cody,283,boy,2018
Myla,283,girl,2018
Stephen,284,boy,2018
Ariella,284,girl,2018
Francisco,285,boy,2018
Kate,285,girl,2018
Killian,286,boy,2018
Mariana,286,girl,2018
Dallas,287,boy,2018
Lilah,287,girl,2018
Reid,288,boy,2018
Charlee,288,girl,2018
Manuel,289,boy,2018
Daleyza,289,girl,2018
Lane,290,boy,2018
Nyla,290,girl,2018
Atlas,291,boy,2018
Jane,291,girl,2018
Rylan,292,boy,2018
Maggie,292,girl,2018
Jensen,293,boy,2018
Zuri,293,girl,2018
Ronan,294,boy,2018
Aniyah,294,girl,2018
Beckham,295,boy,2018
Lucille,295,girl,2018
Daxton,296,boy,2018
Leia,296,girl,2018
Anderson,297,boy,2018
Melissa,297,girl,2018
Kameron,298,boy,2018
Adelaide,298,girl,2018
Raymond,299,boy,2018
Amina,299,girl,2018
Orion,300,boy,2018
Giselle,300,girl,2018
Cristian,301,boy,2018
Lena,301,girl,2018
Tanner,302,boy,2018
Camilla,302,girl,2018
Kyler,303,boy,2018
Miriam,303,girl,2018
Jett,304,boy,2018
Millie,304,girl,2018
Cohen,305,boy,2018
Brynn,305,girl,2018
Ricardo,306,boy,2018
Gabrielle,306,girl,2018
Spencer,307,boy,2018
Sage,307,girl,2018
Gideon,308,boy,2018
Annie,308,girl,2018
Ali,309,boy,2018
Logan,309,girl,2018
Fernando,310,boy,2018
Lilliana,310,girl,2018
Jaiden,311,boy,2018
Haven,311,girl,2018
Titus,312,boy,2018
Jessica,312,girl,2018
Travis,313,boy,2018
Kaia,313,girl,2018
Bodhi,314,boy,2018
Magnolia,314,girl,2018
Eduardo,315,boy,2018
Amira,315,girl,2018
Dante,316,boy,2018
Adelynn,316,girl,2018
Ellis,317,boy,2018
Makenzie,317,girl,2018
Prince,318,boy,2018
Stephanie,318,girl,2018
Kane,319,boy,2018
Nina,319,girl,2018
Luka,320,boy,2018
Phoebe,320,girl,2018
Kash,321,boy,2018
Arielle,321,girl,2018
Hendrix,322,boy,2018
Evie,322,girl,2018
Desmond,323,boy,2018
Lyric,323,girl,2018
Donovan,324,boy,2018
Alessandra,324,girl,2018
Mario,325,boy,2018
Gabriela,325,girl,2018
Atticus,326,boy,2018
Paislee,326,girl,2018
Cruz,327,boy,2018
Raelyn,327,girl,2018
Garrett,328,boy,2018
Madilyn,328,girl,2018
Hector,329,boy,2018
Paris,329,girl,2018
Angelo,330,boy,2018
Makenna,330,girl,2018
Jeffrey,331,boy,2018
Kinley,331,girl,2018
Edwin,332,boy,2018
Gracelyn,332,girl,2018
Cesar,333,boy,2018
Talia,333,girl,2018
Zayn,334,boy,2018
Maeve,334,girl,2018
Devin,335,boy,2018
Rylie,335,girl,2018
Conor,336,boy,2018
Kiara,336,girl,2018
Warren,337,boy,2018
Evelynn,337,girl,2018
Odin,338,boy,2018
Brinley,338,girl,2018
Jayceon,339,boy,2018
Jacqueline,339,girl,2018
Romeo,340,boy,2018
Laura,340,girl,2018
Julius,341,boy,2018
Gracelynn,341,girl,2018
Jaylen,342,boy,2018
Lexi,342,girl,2018
Hayes,343,boy,2018
Ariah,343,girl,2018
Kayson,344,boy,2018
Fatima,344,girl,2018
Muhammad,345,boy,2018
Jennifer,345,girl,2018
Jaxton,346,boy,2018
Kehlani,346,girl,2018
Joaquin,347,boy,2018
Alani,347,girl,2018
Caiden,348,boy,2018
Ariyah,348,girl,2018
Dakota,349,boy,2018
Luciana,349,girl,2018
Major,350,boy,2018
Allie,350,girl,2018
Keegan,351,boy,2018
Heidi,351,girl,2018
Sergio,352,boy,2018
Maci,352,girl,2018
Marshall,353,boy,2018
Phoenix,353,girl,2018
Johnny,354,boy,2018
Felicity,354,girl,2018
Kade,355,boy,2018
Joy,355,girl,2018
Edgar,356,boy,2018
Kenzie,356,girl,2018
Leonel,357,boy,2018
Veronica,357,girl,2018
Ismael,358,boy,2018
Margot,358,girl,2018
Marco,359,boy,2018
Addilyn,359,girl,2018
Tyson,360,boy,2018
Lana,360,girl,2018
Wade,361,boy,2018
Cassidy,361,girl,2018
Collin,362,boy,2018
Remington,362,girl,2018
Troy,363,boy,2018
Saylor,363,girl,2018
Nasir,364,boy,2018
Ryan,364,girl,2018
Conner,365,boy,2018
Keira,365,girl,2018
Adonis,366,boy,2018
Harlow,366,girl,2018
Jared,367,boy,2018
Miranda,367,girl,2018
Rory,368,boy,2018
Angel,368,girl,2018
Andy,369,boy,2018
Amanda,369,girl,2018
Jase,370,boy,2018
Daniella,370,girl,2018
Lennox,371,boy,2018
Royalty,371,girl,2018
Shane,372,boy,2018
Gwendolyn,372,girl,2018
Malik,373,boy,2018
Ophelia,373,girl,2018
Ari,374,boy,2018
Heaven,374,girl,2018
Reed,375,boy,2018
Jordan,375,girl,2018
Seth,376,boy,2018
Madeleine,376,girl,2018
Clark,377,boy,2018
Esmeralda,377,girl,2018
Erik,378,boy,2018
Kira,378,girl,2018
Lawson,379,boy,2018
Miracle,379,girl,2018
Trevor,380,boy,2018
Elle,380,girl,2018
Gage,381,boy,2018
Amari,381,girl,2018
Nico,382,boy,2018
Danielle,382,girl,2018
Malakai,383,boy,2018
Daphne,383,girl,2018
Quinn,384,boy,2018
Willa,384,girl,2018
Cade,385,boy,2018
Haley,385,girl,2018
Johnathan,386,boy,2018
Gia,386,girl,2018
Sullivan,387,boy,2018
Kaitlyn,387,girl,2018
Solomon,388,boy,2018
Oakley,388,girl,2018
Cyrus,389,boy,2018
Kailani,389,girl,2018
Fabian,390,boy,2018
Winter,390,girl,2018
Pedro,391,boy,2018
Alicia,391,girl,2018
Frank,392,boy,2018
Serena,392,girl,2018
Shawn,393,boy,2018
Nadia,393,girl,2018
Malcolm,394,boy,2018
Aviana,394,girl,2018
Khalil,395,boy,2018
Demi,395,girl,2018
Nehemiah,396,boy,2018
Jada,396,girl,2018
Dalton,397,boy,2018
Braelynn,397,girl,2018
Mathias,398,boy,2018
Dylan,398,girl,2018
Jay,399,boy,2018
Ainsley,399,girl,2018
Ibrahim,400,boy,2018
Alison,400,girl,2018
Peyton,401,boy,2018
Camryn,401,girl,2018
Winston,402,boy,2018
Avianna,402,girl,2018
Kason,403,boy,2018
Bianca,403,girl,2018
Zayne,404,boy,2018
Skyler,404,girl,2018
Noel,405,boy,2018
Scarlet,405,girl,2018
Princeton,406,boy,2018
Maddison,406,girl,2018
Matthias,407,boy,2018
Nylah,407,girl,2018
Gregory,408,boy,2018
Sarai,408,girl,2018
Sterling,409,boy,2018
Regina,409,girl,2018
Dominick,410,boy,2018
Dahlia,410,girl,2018
Elian,411,boy,2018
Nayeli,411,girl,2018
Grady,412,boy,2018
Raven,412,girl,2018
Russell,413,boy,2018
Helen,413,girl,2018
Finnegan,414,boy,2018
Adrianna,414,girl,2018
Ruben,415,boy,2018
Averie,415,girl,2018
Gianni,416,boy,2018
Skye,416,girl,2018
Porter,417,boy,2018
Kelsey,417,girl,2018
Kendrick,418,boy,2018
Tatum,418,girl,2018
Leland,419,boy,2018
Kensley,419,girl,2018
Pablo,420,boy,2018
Maliyah,420,girl,2018
Allen,421,boy,2018
Erin,421,girl,2018
Hugo,422,boy,2018
Viviana,422,girl,2018
Raiden,423,boy,2018
Jenna,423,girl,2018
Kolton,424,boy,2018
Anaya,424,girl,2018
Remy,425,boy,2018
Carolina,425,girl,2018
Ezequiel,426,boy,2018
Shelby,426,girl,2018
Damon,427,boy,2018
Sabrina,427,girl,2018
Emanuel,428,boy,2018
Mikayla,428,girl,2018
Zaiden,429,boy,2018
Annalise,429,girl,2018
Otto,430,boy,2018
Octavia,430,girl,2018
Bowen,431,boy,2018
Lennon,431,girl,2018
Marcos,432,boy,2018
Blair,432,girl,2018
Abram,433,boy,2018
Carmen,433,girl,2018
Kasen,434,boy,2018
Yaretzi,434,girl,2018
Franklin,435,boy,2018
Kennedi,435,girl,2018
Royce,436,boy,2018
Mabel,436,girl,2018
Jonas,437,boy,2018
Zariah,437,girl,2018
Sage,438,boy,2018
Kyla,438,girl,2018
Philip,439,boy,2018
Christina,439,girl,2018
Esteban,440,boy,2018
Selah,440,girl,2018
Drake,441,boy,2018
Celeste,441,girl,2018
Kashton,442,boy,2018
Eve,442,girl,2018
Roberto,443,boy,2018
Mckinley,443,girl,2018
Harvey,444,boy,2018
Milani,444,girl,2018
Alexis,445,boy,2018
Frances,445,girl,2018
Kian,446,boy,2018
Jimena,446,girl,2018
Jamison,447,boy,2018
Kylee,447,girl,2018
Maximilian,448,boy,2018
Leighton,448,girl,2018
Adan,449,boy,2018
Katie,449,girl,2018
Milan,450,boy,2018
Aitana,450,girl,2018
Phillip,451,boy,2018
Kayleigh,451,girl,2018
Albert,452,boy,2018
Sierra,452,girl,2018
Dax,453,boy,2018
Kathryn,453,girl,2018
Mohamed,454,boy,2018
Rosemary,454,girl,2018
Ronin,455,boy,2018
Jolene,455,girl,2018
Kamden,456,boy,2018
Alondra,456,girl,2018
Hank,457,boy,2018
Elisa,457,girl,2018
Memphis,458,boy,2018
Helena,458,girl,2018
Oakley,459,boy,2018
Charleigh,459,girl,2018
Augustus,460,boy,2018
Hallie,460,girl,2018
Drew,461,boy,2018
Lainey,461,girl,2018
Moises,462,boy,2018
Avah,462,girl,2018
Armani,463,boy,2018
Jazlyn,463,girl,2018
Rhys,464,boy,2018
Kamryn,464,girl,2018
Benson,465,boy,2018
Mira,465,girl,2018
Jayson,466,boy,2018
Cheyenne,466,girl,2018
Kyson,467,boy,2018
Francesca,467,girl,2018
Braylen,468,boy,2018
Antonella,468,girl,2018
Corey,469,boy,2018
Wren,469,girl,2018
Gunnar,470,boy,2018
Chelsea,470,girl,2018
Omari,471,boy,2018
Amber,471,girl,2018
Alonzo,472,boy,2018
Emory,472,girl,2018
Landen,473,boy,2018
Lorelei,473,girl,2018
Armando,474,boy,2018
Nia,474,girl,2018
Derrick,475,boy,2018
Abby,475,girl,2018
Dexter,476,boy,2018
April,476,girl,2018
Enrique,477,boy,2018
Emelia,477,girl,2018
Bruce,478,boy,2018
Carter,478,girl,2018
Nikolai,479,boy,2018
Aylin,479,girl,2018
Francis,480,boy,2018
Cataleya,480,girl,2018
Rocco,481,boy,2018
Bethany,481,girl,2018
Kairo,482,boy,2018
Marlee,482,girl,2018
Royal,483,boy,2018
Carly,483,girl,2018
Zachariah,484,boy,2018
Kaylani,484,girl,2018
Arjun,485,boy,2018
Emely,485,girl,2018
Deacon,486,boy,2018
Liana,486,girl,2018
Skyler,487,boy,2018
Madelynn,487,girl,2018
Eden,488,boy,2018
Cadence,488,girl,2018
Alijah,489,boy,2018
Matilda,489,girl,2018
Rowen,490,boy,2018
Sylvia,490,girl,2018
Pierce,491,boy,2018
Myra,491,girl,2018
Uriel,492,boy,2018
Fernanda,492,girl,2018
Ronald,493,boy,2018
Oaklyn,493,girl,2018
Luciano,494,boy,2018
Elianna,494,girl,2018
Tate,495,boy,2018
Hattie,495,girl,2018
Frederick,496,boy,2018
Dayana,496,girl,2018
Kieran,497,boy,2018
Kendra,497,girl,2018
Lawrence,498,boy,2018
Maisie,498,girl,2018
Moses,499,boy,2018
Malaysia,499,girl,2018
Rodrigo,500,boy,2018
Kara,500,girl,2018
Brycen,501,boy,2018
Katelyn,501,girl,2018
Leonidas,502,boy,2018
Maia,502,girl,2018
Nixon,503,boy,2018
Celine,503,girl,2018
Keith,504,boy,2018
Cameron,504,girl,2018
Chandler,505,boy,2018
Renata,505,girl,2018
Case,506,boy,2018
Jayleen,506,girl,2018
Davis,507,boy,2018
Charli,507,girl,2018
Asa,508,boy,2018
Emmalyn,508,girl,2018
Darius,509,boy,2018
Holly,509,girl,2018
Isaias,510,boy,2018
Azalea,510,girl,2018
Aden,511,boy,2018
Leona,511,girl,2018
Jaime,512,boy,2018
Alejandra,512,girl,2018
Landyn,513,boy,2018
Bristol,513,girl,2018
Raul,514,boy,2018
Collins,514,girl,2018
Niko,515,boy,2018
Imani,515,girl,2018
Trenton,516,boy,2018
Meadow,516,girl,2018
Apollo,517,boy,2018
Alexia,517,girl,2018
Cairo,518,boy,2018
Edith,518,girl,2018
Izaiah,519,boy,2018
Kaydence,519,girl,2018
Scott,520,boy,2018
Leslie,520,girl,2018
Dorian,521,boy,2018
Lilith,521,girl,2018
Julio,522,boy,2018
Kora,522,girl,2018
Wilder,523,boy,2018
Aisha,523,girl,2018
Santino,524,boy,2018
Meredith,524,girl,2018
Dustin,525,boy,2018
Danna,525,girl,2018
Donald,526,boy,2018
Wynter,526,girl,2018
Raphael,527,boy,2018
Emberly,527,girl,2018
Saul,528,boy,2018
Julieta,528,girl,2018
Taylor,529,boy,2018
Michaela,529,girl,2018
Ayaan,530,boy,2018
Alayah,530,girl,2018
Duke,531,boy,2018
Jemma,531,girl,2018
Ryland,532,boy,2018
Reign,532,girl,2018
Tatum,533,boy,2018
Colette,533,girl,2018
Ahmed,534,boy,2018
Kaliyah,534,girl,2018
Moshe,535,boy,2018
Elliott,535,girl,2018
Edison,536,boy,2018
Johanna,536,girl,2018
Emmitt,537,boy,2018
Remy,537,girl,2018
Cannon,538,boy,2018
Sutton,538,girl,2018
Alec,539,boy,2018
Emmy,539,girl,2018
Danny,540,boy,2018
Virginia,540,girl,2018
Keaton,541,boy,2018
Briana,541,girl,2018
Roy,542,boy,2018
Oaklynn,542,girl,2018
Conrad,543,boy,2018
Adelina,543,girl,2018
Roland,544,boy,2018
Everlee,544,girl,2018
Quentin,545,boy,2018
Megan,545,girl,2018
Lewis,546,boy,2018
Angelica,546,girl,2018
Samson,547,boy,2018
Justice,547,girl,2018
Brock,548,boy,2018
Mariam,548,girl,2018
Kylan,549,boy,2018
Khaleesi,549,girl,2018
Cason,550,boy,2018
Macie,550,girl,2018
Ahmad,551,boy,2018
Karsyn,551,girl,2018
Jalen,552,boy,2018
Alanna,552,girl,2018
Nikolas,553,boy,2018
Aleah,553,girl,2018
Braylon,554,boy,2018
Mae,554,girl,2018
Kamari,555,boy,2018
Mallory,555,girl,2018
Dennis,556,boy,2018
Esme,556,girl,2018
Callum,557,boy,2018
Skyla,557,girl,2018
Justice,558,boy,2018
Madilynn,558,girl,2018
Soren,559,boy,2018
Charley,559,girl,2018
Rayan,560,boy,2018
Allyson,560,girl,2018
Aarav,561,boy,2018
Hanna,561,girl,2018
Gerardo,562,boy,2018
Shiloh,562,girl,2018
Ares,563,boy,2018
Henley,563,girl,2018
Brendan,564,boy,2018
Macy,564,girl,2018
Jamari,565,boy,2018
Maryam,565,girl,2018
Kaison,566,boy,2018
Ivanna,566,girl,2018
Yusuf,567,boy,2018
Ashlynn,567,girl,2018
Issac,568,boy,2018
Lorelai,568,girl,2018
Jasiah,569,boy,2018
Amora,569,girl,2018
Callen,570,boy,2018
Ashlyn,570,girl,2018
Forrest,571,boy,2018
Sasha,571,girl,2018
Makai,572,boy,2018
Baylee,572,girl,2018
Crew,573,boy,2018
Beatrice,573,girl,2018
Kobe,574,boy,2018
Itzel,574,girl,2018
Bo,575,boy,2018
Priscilla,575,girl,2018
Julien,576,boy,2018
Marie,576,girl,2018
Mathew,577,boy,2018
Jayda,577,girl,2018
Braden,578,boy,2018
Liberty,578,girl,2018
Johan,579,boy,2018
Rory,579,girl,2018
Marvin,580,boy,2018
Alessia,580,girl,2018
Zaid,581,boy,2018
Alaia,581,girl,2018
Stetson,582,boy,2018
Janelle,582,girl,2018
Casey,583,boy,2018
Kalani,583,girl,2018
Ty,584,boy,2018
Gloria,584,girl,2018
Ariel,585,boy,2018
Sloan,585,girl,2018
Tony,586,boy,2018
Dorothy,586,girl,2018
Zain,587,boy,2018
Greta,587,girl,2018
Callan,588,boy,2018
Julie,588,girl,2018
Cullen,589,boy,2018
Zahra,589,girl,2018
Sincere,590,boy,2018
Savanna,590,girl,2018
Uriah,591,boy,2018
Annabella,591,girl,2018
Dillon,592,boy,2018
Poppy,592,girl,2018
Kannon,593,boy,2018
Amalia,593,girl,2018
Colby,594,boy,2018
Zaylee,594,girl,2018
Axton,595,boy,2018
Cecelia,595,girl,2018
Cassius,596,boy,2018
Coraline,596,girl,2018
Quinton,597,boy,2018
Kimber,597,girl,2018
Mekhi,598,boy,2018
Emmie,598,girl,2018
Reece,599,boy,2018
Anne,599,girl,2018
Alessandro,600,boy,2018
Karina,600,girl,2018
Jerry,601,boy,2018
Kassidy,601,girl,2018
Mauricio,602,boy,2018
Kynlee,602,girl,2018
Sam,603,boy,2018
Monroe,603,girl,2018
Trey,604,boy,2018
Anahi,604,girl,2018
Mohammad,605,boy,2018
Jaliyah,605,girl,2018
Alberto,606,boy,2018
Jazmin,606,girl,2018
Gustavo,607,boy,2018
Maren,607,girl,2018
Arturo,608,boy,2018
Monica,608,girl,2018
Fletcher,609,boy,2018
Siena,609,girl,2018
Marcelo,610,boy,2018
Marilyn,610,girl,2018
Abdiel,611,boy,2018
Reyna,611,girl,2018
Hamza,612,boy,2018
Kyra,612,girl,2018
Alfredo,613,boy,2018
Lilian,613,girl,2018
Chris,614,boy,2018
Jamie,614,girl,2018
Finnley,615,boy,2018
Melany,615,girl,2018
Curtis,616,boy,2018
Alaya,616,girl,2018
Kellan,617,boy,2018
Ariya,617,girl,2018
Quincy,618,boy,2018
Kelly,618,girl,2018
Kase,619,boy,2018
Rosie,619,girl,2018
Harry,620,boy,2018
Adley,620,girl,2018
Kyree,621,boy,2018
Dream,621,girl,2018
Wilson,622,boy,2018
Jaylah,622,girl,2018
Cayson,623,boy,2018
Laurel,623,girl,2018
Hezekiah,624,boy,2018
Jazmine,624,girl,2018
Kohen,625,boy,2018
Mina,625,girl,2018
Neil,626,boy,2018
Karla,626,girl,2018
Mohammed,627,boy,2018
Bailee,627,girl,2018
Raylan,628,boy,2018
Aubrie,628,girl,2018
Kaysen,629,boy,2018
Katalina,629,girl,2018
Lucca,630,boy,2018
Melina,630,girl,2018
Sylas,631,boy,2018
Harlee,631,girl,2018
Mack,632,boy,2018
Elliot,632,girl,2018
Leonard,633,boy,2018
Hayley,633,girl,2018
Lionel,634,boy,2018
Elaine,634,girl,2018
Ford,635,boy,2018
Karen,635,girl,2018
Roger,636,boy,2018
Dallas,636,girl,2018
Rex,637,boy,2018
Irene,637,girl,2018
Alden,638,boy,2018
Lylah,638,girl,2018
Boston,639,boy,2018
Ivory,639,girl,2018
Colson,640,boy,2018
Chaya,640,girl,2018
Briggs,641,boy,2018
Rosa,641,girl,2018
Zeke,642,boy,2018
Aleena,642,girl,2018
Dariel,643,boy,2018
Braelyn,643,girl,2018
Kingsley,644,boy,2018
Nola,644,girl,2018
Valentino,645,boy,2018
Alma,645,girl,2018
Jamir,646,boy,2018
Leyla,646,girl,2018
Salvador,647,boy,2018
Pearl,647,girl,2018
Vihaan,648,boy,2018
Addyson,648,girl,2018
Mitchell,649,boy,2018
Roselyn,649,girl,2018
Lance,650,boy,2018
Lacey,650,girl,2018
Lucian,651,boy,2018
Lennox,651,girl,2018
Darren,652,boy,2018
Reina,652,girl,2018
Jimmy,653,boy,2018
Aurelia,653,girl,2018
Alvin,654,boy,2018
Noa,654,girl,2018
Amos,655,boy,2018
Janiyah,655,girl,2018
Tripp,656,boy,2018
Jessie,656,girl,2018
Zaire,657,boy,2018
Madisyn,657,girl,2018
Layton,658,boy,2018
Saige,658,girl,2018
Reese,659,boy,2018
Alia,659,girl,2018
Casen,660,boy,2018
Tiana,660,girl,2018
Colten,661,boy,2018
Astrid,661,girl,2018
Brennan,662,boy,2018
Cassandra,662,girl,2018
Korbin,663,boy,2018
Kyleigh,663,girl,2018
Sonny,664,boy,2018
Romina,664,girl,2018
Bruno,665,boy,2018
Stevie,665,girl,2018
Orlando,666,boy,2018
Haylee,666,girl,2018
Devon,667,boy,2018
Zelda,667,girl,2018
Huxley,668,boy,2018
Lillie,668,girl,2018
Boone,669,boy,2018
Aileen,669,girl,2018
Maurice,670,boy,2018
Brylee,670,girl,2018
Nelson,671,boy,2018
Eileen,671,girl,2018
Douglas,672,boy,2018
Yara,672,girl,2018
Randy,673,boy,2018
Ensley,673,girl,2018
Gary,674,boy,2018
Lauryn,674,girl,2018
Lennon,675,boy,2018
Giuliana,675,girl,2018
Titan,676,boy,2018
Livia,676,girl,2018
Denver,677,boy,2018
Anya,677,girl,2018
Jaziel,678,boy,2018
Mikaela,678,girl,2018
Noe,679,boy,2018
Palmer,679,girl,2018
Jefferson,680,boy,2018
Lyra,680,girl,2018
Ricky,681,boy,2018
Mara,681,girl,2018
Lochlan,682,boy,2018
Marina,682,girl,2018
Rayden,683,boy,2018
Kailey,683,girl,2018
Bryant,684,boy,2018
Liv,684,girl,2018
Langston,685,boy,2018
Clementine,685,girl,2018
Lachlan,686,boy,2018
Kenna,686,girl,2018
Clay,687,boy,2018
Briar,687,girl,2018
Abdullah,688,boy,2018
Emerie,688,girl,2018
Lee,689,boy,2018
Galilea,689,girl,2018
Baylor,690,boy,2018
Tiffany,690,girl,2018
Leandro,691,boy,2018
Bonnie,691,girl,2018
Ben,692,boy,2018
Elyse,692,girl,2018
Kareem,693,boy,2018
Cynthia,693,girl,2018
Layne,694,boy,2018
Frida,694,girl,2018
Joe,695,boy,2018
Kinslee,695,girl,2018
Crosby,696,boy,2018
Tatiana,696,girl,2018
Deandre,697,boy,2018
Joelle,697,girl,2018
Demetrius,698,boy,2018
Armani,698,girl,2018
Kellen,699,boy,2018
Jolie,699,girl,2018
Carl,700,boy,2018
Nalani,700,girl,2018
Jakob,701,boy,2018
Rayna,701,girl,2018
Ridge,702,boy,2018
Yareli,702,girl,2018
Bronson,703,boy,2018
Meghan,703,girl,2018
Jedidiah,704,boy,2018
Rebekah,704,girl,2018
Rohan,705,boy,2018
Addilynn,705,girl,2018
Larry,706,boy,2018
Faye,706,girl,2018
Stanley,707,boy,2018
Zariyah,707,girl,2018
Tomas,708,boy,2018
Lea,708,girl,2018
Shiloh,709,boy,2018
Aliza,709,girl,2018
Thaddeus,710,boy,2018
Julissa,710,girl,2018
Watson,711,boy,2018
Lilyana,711,girl,2018
Baker,712,boy,2018
Anika,712,girl,2018
Vicente,713,boy,2018
Kairi,713,girl,2018
Koda,714,boy,2018
Aniya,714,girl,2018
Jagger,715,boy,2018
Noemi,715,girl,2018
Nathanael,716,boy,2018
Angie,716,girl,2018
Carmelo,717,boy,2018
Crystal,717,girl,2018
Shepherd,718,boy,2018
Bridget,718,girl,2018
Graysen,719,boy,2018
Ari,719,girl,2018
Melvin,720,boy,2018
Davina,720,girl,2018
Ernesto,721,boy,2018
Amelie,721,girl,2018
Jamie,722,boy,2018
Amirah,722,girl,2018
Yosef,723,boy,2018
Annika,723,girl,2018
Clyde,724,boy,2018
Elora,724,girl,2018
Eddie,725,boy,2018
Xiomara,725,girl,2018
Tristen,726,boy,2018
Linda,726,girl,2018
Grey,727,boy,2018
Hana,727,girl,2018
Ray,728,boy,2018
Laney,728,girl,2018
Tommy,729,boy,2018
Mercy,729,girl,2018
Samir,730,boy,2018
Hadassah,730,girl,2018
Ramon,731,boy,2018
Madalyn,731,girl,2018
Santana,732,boy,2018
Louisa,732,girl,2018
Kristian,733,boy,2018
Simone,733,girl,2018
Marcel,734,boy,2018
Kori,734,girl,2018
Wells,735,boy,2018
Jillian,735,girl,2018
Zyaire,736,boy,2018
Alena,736,girl,2018
Brecken,737,boy,2018
Malaya,737,girl,2018
Byron,738,boy,2018
Miley,738,girl,2018
Otis,739,boy,2018
Milan,739,girl,2018
Reyansh,740,boy,2018
Sariyah,740,girl,2018
Axl,741,boy,2018
Malani,741,girl,2018
Joey,742,boy,2018
Clarissa,742,girl,2018
Trace,743,boy,2018
Nala,743,girl,2018
Morgan,744,boy,2018
Princess,744,girl,2018
Musa,745,boy,2018
Amani,745,girl,2018
Harlan,746,boy,2018
Analia,746,girl,2018
Enoch,747,boy,2018
Estella,747,girl,2018
Henrik,748,boy,2018
Milana,748,girl,2018
Kristopher,749,boy,2018
Aya,749,girl,2018
Talon,750,boy,2018
Chana,750,girl,2018
Rey,751,boy,2018
Jayde,751,girl,2018
Guillermo,752,boy,2018
Tenley,752,girl,2018
Houston,753,boy,2018
Zaria,753,girl,2018
Jon,754,boy,2018
Itzayana,754,girl,2018
Vincenzo,755,boy,2018
Penny,755,girl,2018
Dane,756,boy,2018
Ailani,756,girl,2018
Terry,757,boy,2018
Lara,757,girl,2018
Azariah,758,boy,2018
Aubriella,758,girl,2018
Castiel,759,boy,2018
Clare,759,girl,2018
Kye,760,boy,2018
Lina,760,girl,2018
Augustine,761,boy,2018
Rhea,761,girl,2018
Zechariah,762,boy,2018
Bria,762,girl,2018
Joziah,763,boy,2018
Thalia,763,girl,2018
Kamryn,764,boy,2018
Keyla,764,girl,2018
Hassan,765,boy,2018
Haisley,765,girl,2018
Jamal,766,boy,2018
Ryann,766,girl,2018
Chaim,767,boy,2018
Addisyn,767,girl,2018
Bodie,768,boy,2018
Amaia,768,girl,2018
Emery,769,boy,2018
Chanel,769,girl,2018
Branson,770,boy,2018
Ellen,770,girl,2018
Jaxtyn,771,boy,2018
Harmoni,771,girl,2018
Kole,772,boy,2018
Aliana,772,girl,2018
Wayne,773,boy,2018
Tinsley,773,girl,2018
Aryan,774,boy,2018
Landry,774,girl,2018
Alonso,775,boy,2018
Paisleigh,775,girl,2018
Brixton,776,boy,2018
Lexie,776,girl,2018
Madden,777,boy,2018
Myah,777,girl,2018
Allan,778,boy,2018
Rylan,778,girl,2018
Flynn,779,boy,2018
Deborah,779,girl,2018
Jaxen,780,boy,2018
Emilee,780,girl,2018
Harley,781,boy,2018
Laylah,781,girl,2018
Magnus,782,boy,2018
Novalee,782,girl,2018
Sutton,783,boy,2018
Ellis,783,girl,2018
Dash,784,boy,2018
Emmeline,784,girl,2018
Anders,785,boy,2018
Avalynn,785,girl,2018
Westley,786,boy,2018
Hadlee,786,girl,2018
Brett,787,boy,2018
Legacy,787,girl,2018
Emory,788,boy,2018
Braylee,788,girl,2018
Felipe,789,boy,2018
Elisabeth,789,girl,2018
Yousef,790,boy,2018
Kaylie,790,girl,2018
Jadiel,791,boy,2018
Ansley,791,girl,2018
Mordechai,792,boy,2018
Dior,792,girl,2018
Dominik,793,boy,2018
Paula,793,girl,2018
Junior,794,boy,2018
Belen,794,girl,2018
Eliseo,795,boy,2018
Corinne,795,girl,2018
Fisher,796,boy,2018
Maleah,796,girl,2018
Harold,797,boy,2018
Martha,797,girl,2018
Jaxxon,798,boy,2018
Teresa,798,girl,2018
Kamdyn,799,boy,2018
Salma,799,girl,2018
Maximo,800,boy,2018
Louise,800,girl,2018
Caspian,801,boy,2018
Averi,801,girl,2018
Kelvin,802,boy,2018
Lilianna,802,girl,2018
Damari,803,boy,2018
Amiya,803,girl,2018
Fox,804,boy,2018
Milena,804,girl,2018
Trent,805,boy,2018
Royal,805,girl,2018
Hugh,806,boy,2018
Aubrielle,806,girl,2018
Briar,807,boy,2018
Calliope,807,girl,2018
Franco,808,boy,2018
Frankie,808,girl,2018
Keanu,809,boy,2018
Natasha,809,girl,2018
Terrance,810,boy,2018
Kamilah,810,girl,2018
Yahir,811,boy,2018
Meilani,811,girl,2018
Ameer,812,boy,2018
Raina,812,girl,2018
Kaiser,813,boy,2018
Amayah,813,girl,2018
Thatcher,814,boy,2018
Lailah,814,girl,2018
Ishaan,815,boy,2018
Rayne,815,girl,2018
Koa,816,boy,2018
Zaniyah,816,girl,2018
Merrick,817,boy,2018
Isabela,817,girl,2018
Coen,818,boy,2018
Nathalie,818,girl,2018
Rodney,819,boy,2018
Miah,819,girl,2018
Brayan,820,boy,2018
Opal,820,girl,2018
London,821,boy,2018
Kenia,821,girl,2018
Rudy,822,boy,2018
Azariah,822,girl,2018
Gordon,823,boy,2018
Hunter,823,girl,2018
Bobby,824,boy,2018
Tori,824,girl,2018
Aron,825,boy,2018
Andi,825,girl,2018
Marc,826,boy,2018
Keily,826,girl,2018
Van,827,boy,2018
Leanna,827,girl,2018
Anakin,828,boy,2018
Scarlette,828,girl,2018
Canaan,829,boy,2018
Jaelyn,829,girl,2018
Dario,830,boy,2018
Saoirse,830,girl,2018
Reginald,831,boy,2018
Selene,831,girl,2018
Westin,832,boy,2018
Dalary,832,girl,2018
Darian,833,boy,2018
Lindsey,833,girl,2018
Ledger,834,boy,2018
Marianna,834,girl,2018
Leighton,835,boy,2018
Ramona,835,girl,2018
Maxton,836,boy,2018
Estelle,836,girl,2018
Tadeo,837,boy,2018
Giovanna,837,girl,2018
Valentin,838,boy,2018
Holland,838,girl,2018
Aldo,839,boy,2018
Nancy,839,girl,2018
Khalid,840,boy,2018
Emmalynn,840,girl,2018
Nickolas,841,boy,2018
Mylah,841,girl,2018
Toby,842,boy,2018
Rosalee,842,girl,2018
Dayton,843,boy,2018
Sariah,843,girl,2018
Jacoby,844,boy,2018
Zoie,844,girl,2018
Billy,845,boy,2018
Blaire,845,girl,2018
Gatlin,846,boy,2018
Lyanna,846,girl,2018
Elisha,847,boy,2018
Maxine,847,girl,2018
Jabari,848,boy,2018
Anais,848,girl,2018
Jermaine,849,boy,2018
Dana,849,girl,2018
Alvaro,850,boy,2018
Judith,850,girl,2018
Marlon,851,boy,2018
Kiera,851,girl,2018
Mayson,852,boy,2018
Jaelynn,852,girl,2018
Blaze,853,boy,2018
Noor,853,girl,2018
Jeffery,854,boy,2018
Kai,854,girl,2018
Kace,855,boy,2018
Adalee,855,girl,2018
Braydon,856,boy,2018
Oaklee,856,girl,2018
Achilles,857,boy,2018
Amaris,857,girl,2018
Brysen,858,boy,2018
Jaycee,858,girl,2018
Saint,859,boy,2018
Belle,859,girl,2018
Xzavier,860,boy,2018
Carolyn,860,girl,2018
Aydin,861,boy,2018
Della,861,girl,2018
Eugene,862,boy,2018
Karter,862,girl,2018
Adrien,863,boy,2018
Sky,863,girl,2018
Cain,864,boy,2018
Treasure,864,girl,2018
Kylo,865,boy,2018
Vienna,865,girl,2018
Nova,866,boy,2018
Jewel,866,girl,2018
Onyx,867,boy,2018
Rivka,867,girl,2018
Arian,868,boy,2018
Rosalyn,868,girl,2018
Bjorn,869,boy,2018
Alannah,869,girl,2018
Jerome,870,boy,2018
Ellianna,870,girl,2018
Miller,871,boy,2018
Sunny,871,girl,2018
Alfred,872,boy,2018
Claudia,872,girl,2018
Kenzo,873,boy,2018
Cara,873,girl,2018
Kyng,874,boy,2018
Hailee,874,girl,2018
Leroy,875,boy,2018
Estrella,875,girl,2018
Maison,876,boy,2018
Harleigh,876,girl,2018
Jordy,877,boy,2018
Zhavia,877,girl,2018
Stefan,878,boy,2018
Alianna,878,girl,2018
Wallace,879,boy,2018
Brittany,879,girl,2018
Benicio,880,boy,2018
Jaylene,880,girl,2018
Kendall,881,boy,2018
Journi,881,girl,2018
Zayd,882,boy,2018
Marissa,882,girl,2018
Blaine,883,boy,2018
Mavis,883,girl,2018
Tristian,884,boy,2018
Iliana,884,girl,2018
Anson,885,boy,2018
Jurnee,885,girl,2018
Gannon,886,boy,2018
Aislinn,886,girl,2018
Jeremias,887,boy,2018
Alyson,887,girl,2018
Marley,888,boy,2018
Elsa,888,girl,2018
Ronnie,889,boy,2018
Kamiyah,889,girl,2018
Dangelo,890,boy,2018
Kiana,890,girl,2018
Kody,891,boy,2018
Lisa,891,girl,2018
Will,892,boy,2018
Arlette,892,girl,2018
Bentlee,893,boy,2018
Kadence,893,girl,2018
Gerald,894,boy,2018
Kathleen,894,girl,2018
Salvatore,895,boy,2018
Halle,895,girl,2018
Turner,896,boy,2018
Erika,896,girl,2018
Chad,897,boy,2018
Sylvie,897,girl,2018
Misael,898,boy,2018
Adele,898,girl,2018
Mustafa,899,boy,2018
Erica,899,girl,2018
Konnor,900,boy,2018
Veda,900,girl,2018
Maxim,901,boy,2018
Whitney,901,girl,2018
Rogelio,902,boy,2018
Bexley,902,girl,2018
Zakai,903,boy,2018
Emmaline,903,girl,2018
Cory,904,boy,2018
Guadalupe,904,girl,2018
Judson,905,boy,2018
August,905,girl,2018
Brentley,906,boy,2018
Brynleigh,906,girl,2018
Darwin,907,boy,2018
Gwen,907,girl,2018
Louie,908,boy,2018
Promise,908,girl,2018
Ulises,909,boy,2018
Alisson,909,girl,2018
Dakari,910,boy,2018
India,910,girl,2018
Rocky,911,boy,2018
Madalynn,911,girl,2018
Wesson,912,boy,2018
Paloma,912,girl,2018
Alfonso,913,boy,2018
Patricia,913,girl,2018
Payton,914,boy,2018
Samira,914,girl,2018
Dwayne,915,boy,2018
Aliya,915,girl,2018
Juelz,916,boy,2018
Casey,916,girl,2018
Duncan,917,boy,2018
Jazlynn,917,girl,2018
Keagan,918,boy,2018
Paulina,918,girl,2018
Deshawn,919,boy,2018
Dulce,919,girl,2018
Bode,920,boy,2018
Kallie,920,girl,2018
Bridger,921,boy,2018
Perla,921,girl,2018
Skylar,922,boy,2018
Adrienne,922,girl,2018
Brodie,923,boy,2018
Alora,923,girl,2018
Landry,924,boy,2018
Nataly,924,girl,2018
Avi,925,boy,2018
Ayleen,925,girl,2018
Keenan,926,boy,2018
Christine,926,girl,2018
Reuben,927,boy,2018
Kaiya,927,girl,2018
Jaxx,928,boy,2018
Ariadne,928,girl,2018
Rene,929,boy,2018
Karlee,929,girl,2018
Yehuda,930,boy,2018
Barbara,930,girl,2018
Imran,931,boy,2018
Lillianna,931,girl,2018
Yael,932,boy,2018
Raquel,932,girl,2018
Alexzander,933,boy,2018
Saniyah,933,girl,2018
Willie,934,boy,2018
Yamileth,934,girl,2018
Cristiano,935,boy,2018
Arely,935,girl,2018
Heath,936,boy,2018
Celia,936,girl,2018
Lyric,937,boy,2018
Heavenly,937,girl,2018
Davion,938,boy,2018
Kaylin,938,girl,2018
Elon,939,boy,2018
Marisol,939,girl,2018
Karsyn,940,boy,2018
Marleigh,940,girl,2018
Krew,941,boy,2018
Avalyn,941,girl,2018
Jairo,942,boy,2018
Berkley,942,girl,2018
Maddux,943,boy,2018
Kataleya,943,girl,2018
Ephraim,944,boy,2018
Zainab,944,girl,2018
Ignacio,945,boy,2018
Dani,945,girl,2018
Vivaan,946,boy,2018
Egypt,946,girl,2018
Aries,947,boy,2018
Joyce,947,girl,2018
Vance,948,boy,2018
Kenley,948,girl,2018
Boden,949,boy,2018
Annabel,949,girl,2018
Lyle,950,boy,2018
Kaelyn,950,girl,2018
Ralph,951,boy,2018
Etta,951,girl,2018
Reign,952,boy,2018
Hadleigh,952,girl,2018
Camilo,953,boy,2018
Joselyn,953,girl,2018
Draven,954,boy,2018
Luella,954,girl,2018
Terrence,955,boy,2018
Jaylee,955,girl,2018
Idris,956,boy,2018
Zola,956,girl,2018
Ira,957,boy,2018
Alisha,957,girl,2018
Javion,958,boy,2018
Ezra,958,girl,2018
Jericho,959,boy,2018
Queen,959,girl,2018
Khari,960,boy,2018
Amia,960,girl,2018
Marcellus,961,boy,2018
Annalee,961,girl,2018
Creed,962,boy,2018
Bellamy,962,girl,2018
Shepard,963,boy,2018
Paola,963,girl,2018
Terrell,964,boy,2018
Tinley,964,girl,2018
Ahmir,965,boy,2018
Violeta,965,girl,2018
Camdyn,966,boy,2018
Jenesis,966,girl,2018
Cedric,967,boy,2018
Arden,967,girl,2018
Howard,968,boy,2018
Giana,968,girl,2018
Jad,969,boy,2018
Wendy,969,girl,2018
Zahir,970,boy,2018
Ellison,970,girl,2018
Harper,971,boy,2018
Florence,971,girl,2018
Justus,972,boy,2018
Margo,972,girl,2018
Forest,973,boy,2018
Naya,973,girl,2018
Gibson,974,boy,2018
Robin,974,girl,2018
Zev,975,boy,2018
Sandra,975,girl,2018
Alaric,976,boy,2018
Scout,976,girl,2018
Decker,977,boy,2018
Waverly,977,girl,2018
Ernest,978,boy,2018
Janessa,978,girl,2018
Jesiah,979,boy,2018
Jayden,979,girl,2018
Torin,980,boy,2018
Micah,980,girl,2018
Benedict,981,boy,2018
Novah,981,girl,2018
Bowie,982,boy,2018
Zora,982,girl,2018
Deangelo,983,boy,2018
Ann,983,girl,2018
Genesis,984,boy,2018
Jana,984,girl,2018
Harlem,985,boy,2018
Taliyah,985,girl,2018
Kalel,986,boy,2018
Vada,986,girl,2018
Kylen,987,boy,2018
Giavanna,987,girl,2018
Bishop,988,boy,2018
Ingrid,988,girl,2018
Immanuel,989,boy,2018
Valery,989,girl,2018
Lian,990,boy,2018
Azaria,990,girl,2018
Zavier,991,boy,2018
Emmarie,991,girl,2018
Archie,992,boy,2018
Esperanza,992,girl,2018
Davian,993,boy,2018
Kailyn,993,girl,2018
Gus,994,boy,2018
Aiyana,994,girl,2018
Kabir,995,boy,2018
Keilani,995,girl,2018
Korbyn,996,boy,2018
Austyn,996,girl,2018
Randall,997,boy,2018
Whitley,997,girl,2018
Benton,998,boy,2018
Elina,998,girl,2018
Coleman,999,boy,2018
Kimora,999,girl,2018
Markus,1000,boy,2018
Maliah,1000,girl,2018
